<?xml version="1.0" encoding="UTF-8"?>
<project-private xmlns="http://www.netbeans.org/ns/project-private/1">
    <editor-bookmarks xmlns="http://www.netbeans.org/ns/editor-bookmarks/2" lastBookmarkId="0"/>
    <open-files xmlns="http://www.netbeans.org/ns/projectui-open-files/2">
        <group name="Netbeans Java Projects">
            <file>file:/D:/INSTALACION%20DESVIADA%20NVME%20RYZEN/Netbeans%20Java%20Projects/SceneMakerV1/src/com/ieseljust/edd/scenemaker/Linia.java</file>
            <file>file:/D:/INSTALACION%20DESVIADA%20NVME%20RYZEN/Netbeans%20Java%20Projects/SceneMakerV1/src/com/ieseljust/edd/scenemaker/Cli.java</file>
            <file>file:/D:/INSTALACION%20DESVIADA%20NVME%20RYZEN/Netbeans%20Java%20Projects/SceneMakerV1/src/com/ieseljust/edd/scenemaker/Quadrat.java</file>
            <file>file:/D:/INSTALACION%20DESVIADA%20NVME%20RYZEN/Netbeans%20Java%20Projects/SceneMakerV1/src/com/ieseljust/edd/scenemaker/Escena.java</file>
            <file>file:/D:/INSTALACION%20DESVIADA%20NVME%20RYZEN/Netbeans%20Java%20Projects/SceneMakerV1/src/com/ieseljust/edd/scenemaker/Cercle.java</file>
            <file>file:/D:/INSTALACION%20DESVIADA%20NVME%20RYZEN/Netbeans%20Java%20Projects/SceneMakerV1/src/com/ieseljust/edd/scenemaker/Renderer.java</file>
            <file>file:/D:/INSTALACION%20DESVIADA%20NVME%20RYZEN/Netbeans%20Java%20Projects/SceneMakerV1/src/com/ieseljust/edd/scenemaker/RemoteManager.java</file>
            <file>file:/D:/INSTALACION%20DESVIADA%20NVME%20RYZEN/Netbeans%20Java%20Projects/SceneMakerV1/src/com/ieseljust/edd/scenemaker/Elipse.java</file>
            <file>file:/D:/INSTALACION%20DESVIADA%20NVME%20RYZEN/Netbeans%20Java%20Projects/SceneMakerV1/src/com/ieseljust/edd/scenemaker/Rectangle.java</file>
            <file>file:/D:/INSTALACION%20DESVIADA%20NVME%20RYZEN/Netbeans%20Java%20Projects/SceneMakerV1/src/com/ieseljust/edd/scenemaker/Figura.java</file>
            <file>file:/D:/INSTALACION%20DESVIADA%20NVME%20RYZEN/Netbeans%20Java%20Projects/SceneMakerV1/src/com/ieseljust/edd/scenemaker/Renderizable.java</file>
        </group>
    </open-files>
</project-private>
